language_dependency,file_path,function_name,line_number,call_body
Re,all.R,bkde,78,"Re(fft(kappa*gcounts, TRUE))"
Re,all.R,bkde2D,156,"Re(fft(rp*sp, inverse = TRUE)/(P1*P2))"
Re,all.R,bkfe,232,"Re(fft(kappam*Gcounts, TRUE))"
abs,all.R,dpill,531,abs(th24Q)
any,all.R,locpoly,610,any(bandwidth <= 0)
as.double,all.R,blkest,265,as.double(x)
as.double,all.R,blkest,265,as.double(y)
as.double,all.R,blkest,267,as.double(xj)
as.double,all.R,blkest,267,as.double(yj)
as.double,all.R,blkest,267,as.double(coef)
as.double,all.R,blkest,267,as.double(Xmat)
as.double,all.R,blkest,267,as.double(wk)
as.double,all.R,blkest,268,as.double(qraux)
as.double,all.R,blkest,268,as.double(sigsqe)
as.double,all.R,blkest,268,as.double(th22e)
as.double,all.R,blkest,269,as.double(th24e)
as.double,all.R,cpblock,300,as.double(X)
as.double,all.R,cpblock,300,as.double(Y)
as.double,all.R,cpblock,301,as.double(RSS)
as.double,all.R,cpblock,301,as.double(Xj)
as.double,all.R,cpblock,302,as.double(Yj)
as.double,all.R,cpblock,302,as.double(coef)
as.double,all.R,cpblock,302,as.double(Xmat)
as.double,all.R,cpblock,303,as.double(qraux)
as.double,all.R,cpblock,303,as.double(Cpvals)
as.double,all.R,linbin,572,as.double(X)
as.double,all.R,linbin,573,as.double(a)
as.double,all.R,linbin,573,as.double(b)
as.double,all.R,linbin2D,592,as.double(X)
as.double,all.R,linbin2D,593,as.double(a1)
as.double,all.R,linbin2D,593,as.double(a2)
as.double,all.R,linbin2D,593,as.double(b1)
as.double,all.R,linbin2D,593,as.double(b2)
as.double,all.R,locpoly,701,as.double(xcounts)
as.double,all.R,locpoly,701,as.double(ycounts)
as.double,all.R,locpoly,702,as.double(delta)
as.double,all.R,locpoly,702,as.double(hdisc)
as.double,all.R,locpoly,705,as.double(fkap)
as.double,all.R,locpoly,705,as.double(ss)
as.double,all.R,locpoly,706,as.double(tt)
as.double,all.R,locpoly,706,as.double(Smat)
as.double,all.R,locpoly,706,as.double(Tvec)
as.double,all.R,locpoly,707,as.double(curvest)
as.double,all.R,rlbin,723,as.double(X)
as.double,all.R,rlbin,723,as.double(Y)
as.double,all.R,rlbin,724,as.double(a)
as.double,all.R,rlbin,724,as.double(b)
as.double,all.R,sdiag,799,as.double(xcounts)
as.double,all.R,sdiag,799,as.double(delta)
as.double,all.R,sdiag,800,as.double(hdisc)
as.double,all.R,sdiag,803,as.double(ss)
as.double,all.R,sdiag,803,as.double(Smat)
as.double,all.R,sdiag,803,as.double(work)
as.double,all.R,sdiag,804,as.double(det)
as.double,all.R,sdiag,804,as.double(Sdg)
as.double,all.R,sstdiag,878,as.double(xcounts)
as.double,all.R,sstdiag,878,as.double(delta)
as.double,all.R,sstdiag,879,as.double(hdisc)
as.double,all.R,sstdiag,882,as.double(ss)
as.double,all.R,sstdiag,882,as.double(uu)
as.double,all.R,sstdiag,883,as.double(Smat)
as.double,all.R,sstdiag,883,as.double(Umat)
as.double,all.R,sstdiag,883,as.double(work)
as.double,all.R,sstdiag,884,as.double(det)
as.double,all.R,sstdiag,884,as.double(SSTd)
as.integer,all.R,blkest,265,as.integer(n)
as.integer,all.R,blkest,266,as.integer(q)
as.integer,all.R,blkest,266,as.integer(qq)
as.integer,all.R,blkest,266,as.integer(Nval)
as.integer,all.R,cpblock,300,as.integer(n)
as.integer,all.R,cpblock,301,as.integer(qq)
as.integer,all.R,cpblock,301,as.integer(Nmax)
as.integer,all.R,linbin,572,as.integer(n)
as.integer,all.R,linbin,573,as.integer(M)
as.integer,all.R,linbin,574,as.integer(trun)
as.integer,all.R,linbin2D,592,as.integer(n)
as.integer,all.R,linbin2D,594,as.integer(M1)
as.integer,all.R,linbin2D,594,as.integer(M2)
as.integer,all.R,locpoly,613,as.integer(drv)
as.integer,all.R,locpoly,615,as.integer(degree)
as.integer,all.R,locpoly,625,as.integer(bwdisc)
as.integer,all.R,locpoly,702,as.integer(drv)
as.integer,all.R,locpoly,703,as.integer(Lvec)
as.integer,all.R,locpoly,703,as.integer(indic)
as.integer,all.R,locpoly,703,as.integer(midpts)
as.integer,all.R,locpoly,704,as.integer(M)
as.integer,all.R,locpoly,704,as.integer(Q)
as.integer,all.R,locpoly,704,as.integer(pp)
as.integer,all.R,locpoly,705,as.integer(ppp)
as.integer,all.R,locpoly,707,as.integer(ipvt)
as.integer,all.R,rlbin,723,as.integer(n)
as.integer,all.R,rlbin,724,as.integer(M)
as.integer,all.R,rlbin,724,as.integer(trun)
as.integer,all.R,sdiag,741,as.integer(bwdisc)
as.integer,all.R,sdiag,800,as.integer(Lvec)
as.integer,all.R,sdiag,800,as.integer(indic)
as.integer,all.R,sdiag,801,as.integer(midpts)
as.integer,all.R,sdiag,801,as.integer(M)
as.integer,all.R,sdiag,801,as.integer(Q)
as.integer,all.R,sdiag,802,as.integer(pp)
as.integer,all.R,sdiag,802,as.integer(ppp)
as.integer,all.R,sdiag,804,as.integer(ipvt)
as.integer,all.R,sstdiag,820,as.integer(bwdisc)
as.integer,all.R,sstdiag,879,as.integer(Lvec)
as.integer,all.R,sstdiag,879,as.integer(indic)
as.integer,all.R,sstdiag,880,as.integer(midpts)
as.integer,all.R,sstdiag,880,as.integer(M)
as.integer,all.R,sstdiag,880,as.integer(Q)
as.integer,all.R,sstdiag,881,as.integer(pp)
as.integer,all.R,sstdiag,881,as.integer(ppp)
as.integer,all.R,sstdiag,884,as.integer(ipvt)
as.numeric,all.R,bkde2D,162,as.numeric(rp>0)
c,all.R,bkde,14,"c(""normal"", ""box"", ""epanech"", ""biweight"", ""triweight"")"
c,all.R,bkde,42,"c(min(x)-tau*h, max(x)+tau*h)"
c,all.R,bkde,73,"c(kappa, rep(0, P-2L*L-1L), rev(kappa[-1L]))"
c,all.R,bkde,75,"c(gcounts, rep(0L, P-M))"
c,all.R,bkde2D,83,"c(51L, 51L)"
c,all.R,bkde2D,100,"c(h, h)"
c,all.R,bkde2D,107,"c(min(x[, id])-1.5*h[id], max(x[, id])+1.5*h[id])"
c,all.R,bkde2D,110,"c(range.x[[1L]][1L], range.x[[2L]][1L])"
c,all.R,bkde2D,111,"c(range.x[[1L]][2L], range.x[[2L]][2L])"
c,all.R,bkde2D,129,"c(z, rev(z[-1L]))"
c,all.R,bkfe,176,"c(min(x), max(x))"
c,all.R,bkfe,227,"c(kappam, rep(0,  P-2L*L-1L), rev(kappam[-1L]))"
c,all.R,bkfe,228,"c(gcounts, rep(0, P-M))"
c,all.R,dpih,353,"c(sa, sb)"
c,all.R,dpih,357,"c(sa, sb)"
c,all.R,dpih,359,"c(sa, sb)"
c,all.R,dpih,363,"c(sa, sb)"
c,all.R,dpih,365,"c(sa, sb)"
c,all.R,dpih,367,"c(sa, sb)"
c,all.R,dpih,371,"c(sa, sb)"
c,all.R,dpih,373,"c(sa, sb)"
c,all.R,dpih,375,"c(sa, sb)"
c,all.R,dpih,377,"c(sa, sb)"
c,all.R,dpih,381,"c(sa, sb)"
c,all.R,dpih,383,"c(sa, sb)"
c,all.R,dpih,385,"c(sa, sb)"
c,all.R,dpih,387,"c(sa, sb)"
c,all.R,dpih,389,"c(sa, sb)"
c,all.R,dpik,403,"c(""normal"", ""box"", ""epanech"", ""biweight"", ""triweight"")"
c,all.R,dpik,428,"min((quantile(x, 3/4)-quantile(x, 1/4))/1.349, sqrt(var(x)))"
c,all.R,dpik,446,"c(sa, sb)"
c,all.R,dpik,449,"c(sa, sb)"
c,all.R,dpik,451,"c(sa, sb)"
c,all.R,dpik,454,"c(sa, sb)"
c,all.R,dpik,456,"c(sa, sb)"
c,all.R,dpik,458,"c(sa, sb)"
c,all.R,dpik,461,"c(sa, sb)"
c,all.R,dpik,463,"c(sa, sb)"
c,all.R,dpik,465,"c(sa, sb)"
c,all.R,dpik,467,"c(sa, sb)"
c,all.R,dpik,470,"c(sa, sb)"
c,all.R,dpik,472,"c(sa, sb)"
c,all.R,dpik,474,"c(sa, sb)"
c,all.R,dpik,476,"c(sa, sb)"
c,all.R,dpik,478,"c(sa, sb)"
c,all.R,dpill,561,(sigsqkn*(b-a)/(2*sqrt(pi)*th22kn*n))^(1/5)
c,all.R,linbin2D,585,"c(X[, 1L], X[, 2L])"
c,all.R,sdiag,736,"c(min(x), max(x))"
c,all.R,sstdiag,816,"c(min(x), max(x))"
cbind,all.R,blkest,247,"cbind(x, y)"
cbind,all.R,cpblock,282,"cbind(X, Y)"
cbind,all.R,dpill,494,"cbind(x, y)"
ceiling,all.R,bkde,72,ceiling(log(M+L+1L)/log(2))
ceiling,all.R,bkde2D,139,ceiling(log(M+L)/log(2))
ceiling,all.R,bkfe,226,ceiling(log(M+L+1L)/log(2))
dbeta,all.R,bkde,62,"dbeta(0.5*(lvec*delta+1), 1, 1)"
dbeta,all.R,bkde,64,"dbeta(0.5*(lvec*delta+1), 2, 2)"
dbeta,all.R,bkde,66,"dbeta(0.5*(lvec*delta+1), 3, 3)"
dbeta,all.R,bkde,68,"dbeta(0.5*(lvec*delta+1), 4, 4)"
dnorm,all.R,bkde,60,dnorm(lvec*delta)
dnorm,all.R,bkde2D,128,dnorm(lvecid*facid)
dnorm,all.R,bkfe,212,dnorm(arg)
double,all.R,linbin,574,double(M)
double,all.R,linbin2D,594,double(M1*M2)
double,all.R,rlbin,725,double(M)
exp,all.R,locpoly,663,"exp(seq(log(hlow), log(hupp), length.out = Q))"
exp,all.R,sdiag,768,"exp(seq(log(hlow), log(hupp), length.out = Q))"
exp,all.R,sstdiag,845,"exp(seq(log(hlow), log(hupp), length.out = Q))"
fft,all.R,bkde,76,fft(kappa/tot)
fft,all.R,bkde,77,fft(gcounts)
fft,all.R,bkde,78,"fft(kappa*gcounts, TRUE)"
fft,all.R,bkde2D,154,fft(rp)
fft,all.R,bkde2D,155,fft(sp)
fft,all.R,bkde2D,156,"fft(rp*sp, inverse = TRUE)"
fft,all.R,bkfe,229,fft(kappam)
fft,all.R,bkfe,230,fft(Gcounts)
fft,all.R,bkfe,232,"fft(kappam*Gcounts, TRUE)"
floor,all.R,bkde,54,floor(tau/delta)
floor,all.R,bkde2D,125,floor(tau*h[id]*(M[id]-1)/(b[id]-a[id]))
floor,all.R,bkfe,204,floor(tau*h/delta)
floor,all.R,dpill,498,floor(trim*length(x))
floor,all.R,dpill,499,floor(trim*length(x))
floor,all.R,dpill,518,floor(n/divisor)
floor,all.R,dpill,538,floor(proptrun*M)
floor,all.R,dpill,539,floor(proptrun*M)
floor,all.R,locpoly,666,floor(tau*hdisc/delta)
floor,all.R,locpoly,679,floor(tau*bandwidth/delta)
floor,all.R,sdiag,771,floor(tau*hdisc/delta)
floor,all.R,sdiag,784,floor(tau*bandwidth/delta)
floor,all.R,sstdiag,848,floor(tau*hdisc/delta)
floor,all.R,sstdiag,861,floor(tau*bandwidth/delta)
gamma,all.R,locpoly,709,gamma(drv+1)
is.logical,all.R,bkde,30,is.logical(canonical)
length,all.R,bkde,18,length(x)
length,all.R,bkde,30,length(canonical)
length,all.R,bkde2D,100,length(h)
length,all.R,bkfe,192,length(gcounts)
length,all.R,blkest,242,length(x)
length,all.R,cpblock,278,length(X)
length,all.R,dpih,317,length(x)
length,all.R,dpik,414,length(x)
length,all.R,dpill,498,length(x)
length,all.R,dpill,499,length(x)
length,all.R,dpill,505,length(x)
length,all.R,linbin,567,length(X)
length,all.R,linbin,568,length(gpoints)
length,all.R,linbin2D,586,length(gpoints1)
length,all.R,linbin2D,587,length(gpoints2)
length,all.R,locpoly,636,length(x)
length,all.R,locpoly,651,length(xcounts)
length,all.R,locpoly,660,length(bandwidth)
length,all.R,locpoly,676,length(bandwidth)
length,all.R,rlbin,718,length(X)
length,all.R,rlbin,719,length(gpoints)
length,all.R,sdiag,755,length(xcounts)
length,all.R,sdiag,765,length(bandwidth)
length,all.R,sdiag,781,length(bandwidth)
length,all.R,sstdiag,833,length(xcounts)
length,all.R,sstdiag,842,length(bandwidth)
length,all.R,sstdiag,858,length(bandwidth)
library.dynam.unload,all.R,.onUnload,893,"library.dynam.unload(""KernSmooth"",  libpath)"
list,all.R,bkde,78,"list(x = gpoints, y = (Re(fft(kappa*gcounts, TRUE))/P)[1L:M])"
list,all.R,bkde2D,105,"list(0, 0)"
list,all.R,bkde2D,123,"list(0, 0)"
list,all.R,bkde2D,164,"list(x1 = gpoints1, x2 = gpoints2, fhat = rp)"
list,all.R,blkest,271,"list(sigsqe = out[[13]], th22e = out[[14]], th24e = out[[15]])"
list,all.R,locpoly,711,"list(x = gpoints, y = curvest)"
list,all.R,rlbin,726,"list(xcounts = out[[8L]],  ycounts = out[[9L]])"
list,all.R,sdiag,806,"list(x = gpoints,  y = out[[17L]])"
list,all.R,sstdiag,886,"list(x = gpoints, y = SSTd)"
log,all.R,bkde,72,log(M+L+1L)
log,all.R,bkde,72,log(2)
log,all.R,bkde2D,139,log(M+L)
log,all.R,bkde2D,139,log(2)
log,all.R,bkfe,226,log(M+L+1L)
log,all.R,bkfe,226,log(2)
log,all.R,locpoly,663,log(hlow)
log,all.R,locpoly,663,log(hupp)
log,all.R,locpoly,671,log(hdisc)
log,all.R,locpoly,674,log(bandwidth)
log,all.R,locpoly,674,log(sort(bandwidth)[1L])
log,all.R,sdiag,768,log(hlow)
log,all.R,sdiag,768,log(hupp)
log,all.R,sdiag,776,log(hdisc)
log,all.R,sdiag,779,log(bandwidth)
log,all.R,sdiag,779,log(sort(bandwidth)[1L])
log,all.R,sstdiag,845,log(hlow)
log,all.R,sstdiag,845,log(hupp)
log,all.R,sstdiag,853,log(hdisc)
log,all.R,sstdiag,856,log(bandwidth)
log,all.R,sstdiag,856,log(sort(bandwidth)[1L])
match.arg,all.R,bkde,13,"match.arg(kernel, c(""normal"", ""box"", ""epanech"", ""biweight"", ""triweight""))"
match.arg,all.R,dpih,329,"match.arg(scalest, c(""minim"", ""stdev"", ""iqr""))"
match.arg,all.R,dpik,402,"match.arg(kernel, c(""normal"", ""box"", ""epanech"", ""biweight"", ""triweight""))"
match.arg,all.R,dpik,424,"match.arg(scalest, c(""minim"", ""stdev"", ""iqr""))"
matrix,all.R,bkde2D,128,matrix(dnorm(lvecid*facid)/h[id])
matrix,all.R,bkde2D,144,"matrix(0, P1, P2)"
matrix,all.R,bkde2D,150,"matrix(0, P1, P2)"
matrix,all.R,bkde2D,162,"matrix(as.numeric(rp>0), nrow(rp), ncol(rp))"
matrix,all.R,blkest,258,"matrix(0, n, qq)"
matrix,all.R,cpblock,294,"matrix(0, n, qq)"
matrix,all.R,linbin2D,595,"matrix(out[[9L]], M1, M2)"
matrix,all.R,locpoly,693,"matrix(0, M, ppp)"
matrix,all.R,locpoly,694,"matrix(0, M, pp)"
matrix,all.R,locpoly,695,"matrix(0, pp, pp)"
matrix,all.R,sdiag,792,"matrix(0, M, ppp)"
matrix,all.R,sdiag,793,"matrix(0, pp, pp)"
matrix,all.R,sstdiag,869,"matrix(0, M, ppp)"
matrix,all.R,sstdiag,870,"matrix(0, M, ppp)"
matrix,all.R,sstdiag,871,"matrix(0, pp, pp)"
matrix,all.R,sstdiag,872,"matrix(0, pp, pp)"
max,all.R,bkde,42,max(x)
max,all.R,bkde2D,107,"max(x[, id])"
max,all.R,bkfe,176,max(x)
max,all.R,dpill,518,"max(min(floor(n/divisor), blockmax), 1)"
max,all.R,locpoly,619,max(x)
max,all.R,locpoly,621,max(x)
max,all.R,sdiag,736,max(x)
max,all.R,sstdiag,816,max(x)
mean,all.R,dpih,339,mean(x)
mean,all.R,dpih,340,mean(x)
mean,all.R,dpik,433,mean(x)
mean,all.R,dpik,434,mean(x)
min,all.R,bkde,42,min(x)
min,all.R,bkde,54,"min(floor(tau/delta), M)"
min,all.R,bkde2D,87,min(bandwidth)
min,all.R,bkde2D,107,"min(x[, id])"
min,all.R,bkde2D,125,"min(floor(tau*h[id]*(M[id]-1)/(b[id]-a[id])), M[id] - 1L)"
min,all.R,bkde2D,134,min(L)
min,all.R,bkfe,176,min(x)
min,all.R,bkfe,204,"min(floor(tau*h/delta), M)"
min,all.R,dpih,333,"min((quantile(x, 3/4)-quantile(x, 1/4))/1.349, sqrt(var(x)))"
min,all.R,dpik,428,"min((quantile(x, 3/4)-quantile(x, 1/4))/1.349, sqrt(var(x)))"
min,all.R,dpill,518,"min(floor(n/divisor), blockmax)"
min,all.R,locpoly,619,min(x)
min,all.R,locpoly,621,min(x)
min,all.R,locpoly,684,min(Lvec)
min,all.R,sdiag,736,min(x)
min,all.R,sdiag,789,sum(Lvec)
min,all.R,sstdiag,816,min(x)
missing,all.R,bkde,10,missing(bandwidth)
missing,all.R,bkde,35,missing(bandwidth)
missing,all.R,bkde,42,missing(range.x)
missing,all.R,bkde2D,87,missing(bandwidth)
missing,all.R,bkde2D,104,missing(range.x)
missing,all.R,bkfe,173,missing(bandwidth)
missing,all.R,bkfe,176,missing(range.x)
missing,all.R,locpoly,610,missing(bandwidth)
missing,all.R,locpoly,614,missing(degree)
missing,all.R,locpoly,617,missing(range.x)
missing,all.R,locpoly,618,missing(y)
missing,all.R,sdiag,736,missing(range.x)
missing,all.R,sstdiag,816,missing(range.x)
ncol,all.R,bkde2D,162,ncol(rp)
nrow,all.R,bkde2D,92,nrow(x)
nrow,all.R,bkde2D,162,nrow(rp)
nrow,all.R,linbin2D,584,nrow(X)
numeric,all.R,bkde2D,122,numeric(2L)
order,all.R,cpblock,307,order(Cpvec)
packageStartupMessage,all.R,.onAttach,890,"packageStartupMessage(""KernSmooth 2.23 loaded\nCopyright M. P. Wand 1997-2009"")"
quantile,all.R,dpih,332,"quantile(x, 3/4)"
quantile,all.R,dpih,332,"quantile(x, 1/4)"
quantile,all.R,dpih,333,"quantile(x, 3/4)"
quantile,all.R,dpih,333,"quantile(x, 1/4)"
quantile,all.R,dpik,427,"quantile(x, 3/4)"
quantile,all.R,dpik,427,"quantile(x, 1/4)"
quantile,all.R,dpik,428,"quantile(x, 3/4)"
quantile,all.R,dpik,428,"quantile(x, 1/4)"
rep,all.R,bkde,73,"rep(0, P-2L*L-1L)"
rep,all.R,bkde,75,"rep(0L, P-M)"
rep,all.R,bkfe,227,"rep(0,  P-2L*L-1L)"
rep,all.R,bkfe,228,"rep(0, P-M)"
rep,all.R,blkest,255,"rep(0, n)"
rep,all.R,blkest,256,"rep(0, n)"
rep,all.R,blkest,257,"rep(0, qq)"
rep,all.R,blkest,259,"rep(0, n)"
rep,all.R,blkest,260,"rep(0, qq)"
rep,all.R,cpblock,290,"rep(0, Nmax)"
rep,all.R,cpblock,291,"rep(0, n)"
rep,all.R,cpblock,292,"rep(0, n)"
rep,all.R,cpblock,293,"rep(0, qq)"
rep,all.R,cpblock,295,"rep(0, Nmax)"
rep,all.R,cpblock,296,"rep(0, n)"
rep,all.R,cpblock,297,"rep(0, qq)"
rep,all.R,locpoly,640,"rep(1, M)"
rep,all.R,locpoly,673,"rep(1, M)"
rep,all.R,locpoly,675,"rep(1, M)"
rep,all.R,locpoly,677,"rep(1, M)"
rep,all.R,locpoly,679,"rep(floor(tau*bandwidth/delta), Q)"
rep,all.R,locpoly,680,"rep(bandwidth, Q)"
rep,all.R,locpoly,690,"rep(0, dimfkap)"
rep,all.R,locpoly,691,"rep(0, M)"
rep,all.R,locpoly,692,"rep(0, Q)"
rep,all.R,locpoly,696,"rep(0, pp)"
rep,all.R,locpoly,697,"rep(0, pp)"
rep,all.R,sdiag,778,"rep(1, M)"
rep,all.R,sdiag,780,"rep(1, M)"
rep,all.R,sdiag,782,"rep(1, M)"
rep,all.R,sdiag,784,"rep(floor(tau*bandwidth/delta), Q)"
rep,all.R,sdiag,785,"rep(bandwidth, Q)"
rep,all.R,sdiag,790,"rep(0, dimfkap)"
rep,all.R,sdiag,791,"rep(0, Q)"
rep,all.R,sdiag,794,"rep(0, pp)"
rep,all.R,sdiag,795,"rep(0, 2L)"
rep,all.R,sdiag,796,"rep(0, pp)"
rep,all.R,sdiag,797,"rep(0, M)"
rep,all.R,sstdiag,855,"rep(1, M)"
rep,all.R,sstdiag,857,"rep(1, M)"
rep,all.R,sstdiag,859,"rep(1, M)"
rep,all.R,sstdiag,861,"rep(floor(tau*bandwidth/delta), Q)"
rep,all.R,sstdiag,862,"rep(bandwidth, Q)"
rep,all.R,sstdiag,867,"rep(0, dimfkap)"
rep,all.R,sstdiag,868,"rep(0, Q)"
rep,all.R,sstdiag,873,"rep(0, pp)"
rep,all.R,sstdiag,874,"rep(0, 2L)"
rep,all.R,sstdiag,875,"rep(0, pp)"
rep,all.R,sstdiag,876,"rep(0, M)"
rev,all.R,bkde,73,rev(kappa[-1L])
rev,all.R,bkde2D,129,rev(z[-1L])
rev,all.R,bkfe,227,rev(kappam[-1L])
round,all.R,locpoly,674,round(((log(bandwidth) - log(sort(bandwidth)[1L]))/gap) + 1)
round,all.R,sdiag,779,round(((log(bandwidth) - log(sort(bandwidth)[1L]))/gap) + 1)
round,all.R,sstdiag,856,round(((log(bandwidth) - log(sort(bandwidth)[1L]))/gap) + 1)
seq,all.R,bkde,48,"seq(a, b, length.out = M)"
seq,all.R,bkde2D,115,"seq(a[1L], b[1L], length.out = M[1L])"
seq,all.R,bkde2D,116,"seq(a[2L], b[2L], length.out = M[2L])"
seq,all.R,bkfe,188,"seq(a, b, length.out = gridsize)"
seq,all.R,bkfe,193,"seq(a, b, length.out = M)"
seq,all.R,dpih,324,"seq(a, b, length.out = M)"
seq,all.R,dpih,344,"seq(sa, sb, length.out = M)"
seq,all.R,dpik,420,"seq(a, b, length.out = M)"
seq,all.R,dpik,437,"seq(sa, sb, length.out = M)"
seq,all.R,dpill,512,"seq(a, b, length.out = M)"
seq,all.R,locpoly,637,"seq(a, b, length.out = M)"
seq,all.R,locpoly,644,"seq(a, b, length.out = M)"
seq,all.R,locpoly,652,"seq(a, b, length.out = M)"
seq,all.R,locpoly,663,"seq(log(hlow), log(hupp), length.out = Q)"
seq,all.R,sdiag,751,"seq(a, b, length.out = M)"
seq,all.R,sdiag,756,"seq(a, b, length.out = M)"
seq,all.R,sdiag,768,"seq(log(hlow), log(hupp), length.out = Q)"
seq,all.R,sstdiag,829,"seq(a, b, length.out = M)"
seq,all.R,sstdiag,834,"seq(a, b, length.out = M)"
seq,all.R,sstdiag,845,"seq(log(hlow), log(hupp), length.out = Q)"
sort,all.R,locpoly,661,sort(bandwidth)
sort,all.R,locpoly,662,sort(bandwidth)
sort,all.R,locpoly,674,sort(bandwidth)
sort,all.R,sdiag,766,sort(bandwidth)
sort,all.R,sdiag,767,sort(bandwidth)
sort,all.R,sdiag,779,sort(bandwidth)
sort,all.R,sstdiag,843,sort(bandwidth)
sort,all.R,sstdiag,844,sort(bandwidth)
sort,all.R,sstdiag,856,sort(bandwidth)
sort.list,all.R,blkest,248,"sort.list(datmat[, 1L])"
sort.list,all.R,cpblock,283,"sort.list(datmat[, 1L])"
sort.list,all.R,dpill,495,"sort.list(xy[, 1L])"
sqrt,all.R,bkde,35,sqrt(var(x))
sqrt,all.R,dpih,331,sqrt(var(x))
sqrt,all.R,dpih,333,sqrt(var(x))
sqrt,all.R,dpih,350,sqrt(pi)
sqrt,all.R,dpih,352,sqrt(2)
sqrt,all.R,dpih,356,sqrt(2)
sqrt,all.R,dpih,358,sqrt(2/pi)
sqrt,all.R,dpih,362,sqrt(2)
sqrt,all.R,dpih,364,sqrt(2/pi)
sqrt,all.R,dpih,366,sqrt(2/pi)
sqrt,all.R,dpih,370,sqrt(2)
sqrt,all.R,dpih,372,sqrt(2/pi)
sqrt,all.R,dpih,374,sqrt(2/pi)
sqrt,all.R,dpih,376,sqrt(2/pi)
sqrt,all.R,dpih,380,sqrt(2)
sqrt,all.R,dpih,382,sqrt(2/pi)
sqrt,all.R,dpih,384,sqrt(2/pi)
sqrt,all.R,dpih,386,sqrt(2/pi)
sqrt,all.R,dpih,388,sqrt(2/pi)
sqrt,all.R,dpik,426,sqrt(var(x))
sqrt,all.R,dpik,428,sqrt(var(x))
sqrt,all.R,dpik,443,sqrt(pi)
sqrt,all.R,dpik,445,sqrt(2)
sqrt,all.R,dpik,448,sqrt(2)
sqrt,all.R,dpik,450,sqrt(2/pi)
sqrt,all.R,dpik,453,sqrt(2)
sqrt,all.R,dpik,455,sqrt(2/pi)
sqrt,all.R,dpik,457,sqrt(2/pi)
sqrt,all.R,dpik,460,sqrt(2)
sqrt,all.R,dpik,462,sqrt(2/pi)
sqrt,all.R,dpik,464,sqrt(2/pi)
sqrt,all.R,dpik,466,sqrt(2/pi)
sqrt,all.R,dpik,469,sqrt(2)
sqrt,all.R,dpik,471,sqrt(2/pi)
sqrt,all.R,dpik,473,sqrt(2/pi)
sqrt,all.R,dpik,475,sqrt(2/pi)
sqrt,all.R,dpik,477,sqrt(2/pi)
sqrt,all.R,dpill,532,sqrt(pi)
sqrt,all.R,dpill,533,sqrt(pi)
sqrt,all.R,dpill,544,sqrt(2)
sqrt,all.R,dpill,544,sqrt(3)
sqrt,all.R,dpill,545,sqrt(2*pi)
sqrt,all.R,dpill,561,sqrt(pi)
stop,all.R,bkde,11,"stop(""'bandwidth' must be strictly positive"")"
stop,all.R,bkde,31,"stop(""'canonical' must be a length-1 logical vector"")"
stop,all.R,bkde2D,88,"stop(""'bandwidth' must be strictly positive"")"
stop,all.R,bkfe,174,"stop(""'bandwidth' must be strictly positive"")"
stop,all.R,dpih,313,"stop(""Level should be between 0 and 5"")"
stop,all.R,dpih,335,"stop(""scale estimate is zero for input data"")"
stop,all.R,dpik,400,"stop(""Level should be between 0 and 5"")"
stop,all.R,dpik,430,"stop(""scale estimate is zero for input data"")"
stop,all.R,locpoly,611,"stop(""'bandwidth' must be strictly positive"")"
stop,all.R,locpoly,682,"stop(""'bandwidth' must be a scalar or an array of length 'gridsize'"")"
stop,all.R,locpoly,685,"stop(""Binning grid too coarse for current (small) bandwidth: consider increasing 'gridsize'"")"
stop,all.R,sdiag,787,"stop(""'bandwidth' must be a scalar or an array of length 'gridsize'"")"
stop,all.R,sstdiag,864,"stop(""'bandwidth' must be a scalar or an array of length 'gridsize'"")"
sum,all.R,bkde,74,sum(kappa)
sum,all.R,bkde2D,129,"sum(c(z, rev(z[-1L])) * facid * h[id])"
sum,all.R,bkfe,198,sum(gcounts)
sum,all.R,bkfe,232,"sum(gcounts * (Re(fft(kappam*Gcounts, TRUE))/P)[1L:M] )"
sum,all.R,dpill,540,sum((mddest[llow:lupp]^2)*xcounts[llow:lupp])
sum,all.R,dpill,556,sum(y^2)
sum,all.R,dpill,556,sum(mest*ycounts)
sum,all.R,dpill,556,sum((mest^2)*xcounts)
sum,all.R,dpill,557,sum(Sdg*xcounts)
sum,all.R,dpill,557,sum(SSTdg*xcounts)
sum,all.R,locpoly,689,sum(Lvec)
sum,all.R,sdiag,789,sum(Lvec)
sum,all.R,sstdiag,866,sum(Lvec)
switch,all.R,bkde,23,"switch(kernel, ""normal"" = (1/(4*pi))^(1/10), ""box"" = (9/2)^(1/5), ""epanech"" = 15^(1/5), ""biweight"" = 35^(1/5), ""triweight"" = (9450/143)^(1/5))"
switch,all.R,dpih,330,"switch(scalest, ""stdev"" = sqrt(var(x)), ""iqr""= (quantile(x, 3/4)-quantile(x, 1/4))/1.349, ""minim"" = min((quantile(x, 3/4)-quantile(x, 1/4))/1.349, sqrt(var(x))))"
switch,all.R,dpik,406,"switch(kernel, ""normal"" = 1/((4*pi)^(1/10)), ""box"" = (9/2)^(1/5), ""epanech"" = 15^(1/5), ""biweight"" = 35^(1/5), ""triweight"" = (9450/143)^(1/5))"
switch,all.R,dpik,425,"switch(scalest, ""stdev"" = sqrt(var(x)), ""iqr""= (quantile(x, 3/4)-quantile(x, 1/4))/1.349, ""minim"" = min((quantile(x, 3/4)-quantile(x, 1/4))/1.349, sqrt(var(x))))"
t,all.R,bkde2D,132,t(kapid[[2L]])
var,all.R,bkde,35,var(x)
var,all.R,dpih,331,var(x)
var,all.R,dpih,333,var(x)
var,all.R,dpik,426,var(x)
var,all.R,dpik,428,var(x)
warning,all.R,bkde,56,"warning(""Binning grid too coarse for current (small) bandwidth: consider increasing 'gridsize'"")"
warning,all.R,bkde2D,135,"warning(""Binning grid too coarse for current (small) bandwidth: consider increasing 'gridsize'"")"
warning,all.R,bkfe,207,"warning(""Binning grid too coarse for current (small) bandwidth: consider increasing 'gridsize'"")"
