language_dependency,function_name,line_number,call_body
c,bkde,14,"c(""normal"", ""box"", ""epanech"", ""biweight"", ""triweight"")"
c,bkde,42,"c(min(x)-tau*h, max(x)+tau*h)"
c,bkde,73,"c(kappa, rep(0, P-2L*L-1L), rev(kappa[-1L]))"
c,bkde,75,"c(gcounts, rep(0L, P-M))"
ceiling,bkde,72,"ceiling(log(M+L+1L)/log(2))"
dbeta,bkde,62,"dbeta(0.5*(lvec*delta+1), 1, 1)"
dbeta,bkde,64,"dbeta(0.5*(lvec*delta+1), 2, 2)"
dbeta,bkde,66,"dbeta(0.5*(lvec*delta+1), 3, 3)"
dbeta,bkde,68,"dbeta(0.5*(lvec*delta+1), 4, 4)"
dnorm,bkde,60,"dnorm(lvec*delta)"
fft,bkde,76,"fft(kappa/tot)"
fft,bkde,77,"fft(gcounts)"
fft,bkde,78,"fft(kappa*gcounts, TRUE)"
floor,bkde,54,"floor(tau/delta)"
is.logical,bkde,30,"is.logical(canonical)"
length,bkde,18,"length(x)"
length,bkde,30,"length(canonical)"
list,bkde,78,"list(x = gpoints, y = (Re(fft(kappa*gcounts, TRUE))/P)[1L:M])"
log,bkde,72,"log(M+L+1L)"
log,bkde,72,"log(2)"
match.arg,bkde,13,"match.arg(kernel, c(""normal"", ""box"", ""epanech"", ""biweight"", ""triweight""))"
max,bkde,42,"max(x)"
min,bkde,42,"min(x)"
min,bkde,54,"min(floor(tau/delta), M)"
missing,bkde,10,"missing(bandwidth)"
missing,bkde,35,"missing(bandwidth)"
missing,bkde,42,"missing(range.x)"
Re,bkde,78,"Re(fft(kappa*gcounts, TRUE))"
rep,bkde,73,"rep(0, P-2L*L-1L)"
rep,bkde,75,"rep(0L, P-M)"
rev,bkde,73,"rev(kappa[-1L])"
seq,bkde,48,"seq(a, b, length.out = M)"
sqrt,bkde,35,"sqrt(var(x))"
stop,bkde,11,"stop(""'bandwidth' must be strictly positive"")"
stop,bkde,31,"stop(""'canonical' must be a length-1 logical vector"")"
sum,bkde,74,"sum(kappa)"
switch,bkde,23,"switch(kernel, ""normal"" = (1/(4*pi))^(1/10), ""box"" = (9/2)^(1/5), ""epanech"" = 15^(1/5), ""biweight"" = 35^(1/5), ""triweight"" = (9450/143)^(1/5))"
var,bkde,35,"var(x)"
warning,bkde,56,"warning(""Binning grid too coarse for current (small) bandwidth: consider increasing 'gridsize'"")"
as.numeric,bkde2D,162,"as.numeric(rp>0)"
c,bkde2D,83,"c(51L, 51L)"
c,bkde2D,100,"c(h, h)"
c,bkde2D,107,"c(min(x[, id])-1.5*h[id], max(x[, id])+1.5*h[id])"
c,bkde2D,110,"c(range.x[[1L]][1L], range.x[[2L]][1L])"
c,bkde2D,111,"c(range.x[[1L]][2L], range.x[[2L]][2L])"
c,bkde2D,129,"c(z, rev(z[-1L]))"
ceiling,bkde2D,139,"ceiling(log(M+L)/log(2))"
dnorm,bkde2D,128,"dnorm(lvecid*facid)"
fft,bkde2D,154,"fft(rp)"
fft,bkde2D,155,"fft(sp)"
fft,bkde2D,156,"fft(rp*sp, inverse = TRUE)"
floor,bkde2D,125,"floor(tau*h[id]*(M[id]-1)/(b[id]-a[id]))"
length,bkde2D,100,"length(h)"
list,bkde2D,105,"list(0, 0)"
list,bkde2D,123,"list(0, 0)"
list,bkde2D,164,"list(x1 = gpoints1, x2 = gpoints2, fhat = rp)"
log,bkde2D,139,"log(M+L)"
log,bkde2D,139,"log(2)"
matrix,bkde2D,128,"matrix(dnorm(lvecid*facid)/h[id])"
matrix,bkde2D,144,"matrix(0, P1, P2)"
matrix,bkde2D,150,"matrix(0, P1, P2)"
matrix,bkde2D,162,"matrix(as.numeric(rp>0), nrow(rp), ncol(rp))"
max,bkde2D,107,"max(x[, id])"
min,bkde2D,87,"min(bandwidth)"
min,bkde2D,107,"min(x[, id])"
min,bkde2D,125,"min(floor(tau*h[id]*(M[id]-1)/(b[id]-a[id])), M[id] - 1L)"
min,bkde2D,134,"min(L)"
missing,bkde2D,87,"missing(bandwidth)"
missing,bkde2D,104,"missing(range.x)"
ncol,bkde2D,162,"ncol(rp)"
nrow,bkde2D,92,"nrow(x)"
nrow,bkde2D,162,"nrow(rp)"
numeric,bkde2D,122,"numeric(2L)"
Re,bkde2D,156,"Re(fft(rp*sp, inverse = TRUE)/(P1*P2))"
rev,bkde2D,129,"rev(z[-1L])"
seq,bkde2D,115,"seq(a[1L], b[1L], length.out = M[1L])"
seq,bkde2D,116,"seq(a[2L], b[2L], length.out = M[2L])"
stop,bkde2D,88,"stop(""'bandwidth' must be strictly positive"")"
sum,bkde2D,129,"sum(c(z, rev(z[-1L])) * facid * h[id])"
t,bkde2D,132,"t(kapid[[2L]])"
warning,bkde2D,135,"warning(""Binning grid too coarse for current (small) bandwidth: consider increasing 'gridsize'"")"
c,bkfe,176,"c(min(x), max(x))"
c,bkfe,227,"c(kappam, rep(0,  P-2L*L-1L), rev(kappam[-1L]))"
c,bkfe,228,"c(gcounts, rep(0, P-M))"
ceiling,bkfe,226,"ceiling(log(M+L+1L)/log(2))"
dnorm,bkfe,212,"dnorm(arg)"
fft,bkfe,229,"fft(kappam)"
fft,bkfe,230,"fft(Gcounts)"
fft,bkfe,232,"fft(kappam*Gcounts, TRUE)"
floor,bkfe,204,"floor(tau*h/delta)"
length,bkfe,192,"length(gcounts)"
log,bkfe,226,"log(M+L+1L)"
log,bkfe,226,"log(2)"
max,bkfe,176,"max(x)"
min,bkfe,176,"min(x)"
min,bkfe,204,"min(floor(tau*h/delta), M)"
missing,bkfe,173,"missing(bandwidth)"
missing,bkfe,176,"missing(range.x)"
Re,bkfe,232,"Re(fft(kappam*Gcounts, TRUE))"
rep,bkfe,227,"rep(0,  P-2L*L-1L)"
rep,bkfe,228,"rep(0, P-M)"
rev,bkfe,227,"rev(kappam[-1L])"
seq,bkfe,188,"seq(a, b, length.out = gridsize)"
seq,bkfe,193,"seq(a, b, length.out = M)"
stop,bkfe,174,"stop(""'bandwidth' must be strictly positive"")"
sum,bkfe,198,"sum(gcounts)"
sum,bkfe,232,"sum(gcounts * (Re(fft(kappam*Gcounts, TRUE))/P)[1L:M] )"
warning,bkfe,207,"warning(""Binning grid too coarse for current (small) bandwidth: consider increasing 'gridsize'"")"
as.double,blkest,265,"as.double(x)"
as.double,blkest,265,"as.double(y)"
as.double,blkest,267,"as.double(xj)"
as.double,blkest,267,"as.double(yj)"
as.double,blkest,267,"as.double(coef)"
as.double,blkest,267,"as.double(Xmat)"
as.double,blkest,267,"as.double(wk)"
as.double,blkest,268,"as.double(qraux)"
as.double,blkest,268,"as.double(sigsqe)"
as.double,blkest,268,"as.double(th22e)"
as.double,blkest,269,"as.double(th24e)"
as.integer,blkest,265,"as.integer(n)"
as.integer,blkest,266,"as.integer(q)"
as.integer,blkest,266,"as.integer(qq)"
as.integer,blkest,266,"as.integer(Nval)"
cbind,blkest,247,"cbind(x, y)"
length,blkest,242,"length(x)"
list,blkest,271,"list(sigsqe = out[[13]], th22e = out[[14]], th24e = out[[15]])"
matrix,blkest,258,"matrix(0, n, qq)"
rep,blkest,255,"rep(0, n)"
rep,blkest,256,"rep(0, n)"
rep,blkest,257,"rep(0, qq)"
rep,blkest,259,"rep(0, n)"
rep,blkest,260,"rep(0, qq)"
sort.list,blkest,248,"sort.list(datmat[, 1L])"
as.double,cpblock,300,"as.double(X)"
as.double,cpblock,300,"as.double(Y)"
as.double,cpblock,301,"as.double(RSS)"
as.double,cpblock,301,"as.double(Xj)"
as.double,cpblock,302,"as.double(Yj)"
as.double,cpblock,302,"as.double(coef)"
as.double,cpblock,302,"as.double(Xmat)"
as.double,cpblock,303,"as.double(qraux)"
as.double,cpblock,303,"as.double(Cpvals)"
as.integer,cpblock,300,"as.integer(n)"
as.integer,cpblock,301,"as.integer(qq)"
as.integer,cpblock,301,"as.integer(Nmax)"
cbind,cpblock,282,"cbind(X, Y)"
length,cpblock,278,"length(X)"
matrix,cpblock,294,"matrix(0, n, qq)"
order,cpblock,307,"order(Cpvec)"
rep,cpblock,290,"rep(0, Nmax)"
rep,cpblock,291,"rep(0, n)"
rep,cpblock,292,"rep(0, n)"
rep,cpblock,293,"rep(0, qq)"
rep,cpblock,295,"rep(0, Nmax)"
rep,cpblock,296,"rep(0, n)"
rep,cpblock,297,"rep(0, qq)"
sort.list,cpblock,283,"sort.list(datmat[, 1L])"
c,dpih,353,"c(sa, sb)"
c,dpih,357,"c(sa, sb)"
c,dpih,359,"c(sa, sb)"
c,dpih,363,"c(sa, sb)"
c,dpih,365,"c(sa, sb)"
c,dpih,367,"c(sa, sb)"
c,dpih,371,"c(sa, sb)"
c,dpih,373,"c(sa, sb)"
c,dpih,375,"c(sa, sb)"
c,dpih,377,"c(sa, sb)"
c,dpih,381,"c(sa, sb)"
c,dpih,383,"c(sa, sb)"
c,dpih,385,"c(sa, sb)"
c,dpih,387,"c(sa, sb)"
c,dpih,389,"c(sa, sb)"
length,dpih,317,"length(x)"
match.arg,dpih,329,"match.arg(scalest, c(""minim"", ""stdev"", ""iqr""))"
mean,dpih,339,"mean(x)"
mean,dpih,340,"mean(x)"
min,dpih,333,"min((quantile(x, 3/4)-quantile(x, 1/4))/1.349, sqrt(var(x)))"
quantile,dpih,332,"quantile(x, 3/4)"
quantile,dpih,332,"quantile(x, 1/4)"
quantile,dpih,333,"quantile(x, 3/4)"
quantile,dpih,333,"quantile(x, 1/4)"
seq,dpih,324,"seq(a, b, length.out = M)"
seq,dpih,344,"seq(sa, sb, length.out = M)"
sqrt,dpih,331,"sqrt(var(x))"
sqrt,dpih,333,"sqrt(var(x))"
sqrt,dpih,350,"sqrt(pi)"
sqrt,dpih,352,"sqrt(2)"
sqrt,dpih,356,"sqrt(2)"
sqrt,dpih,358,"sqrt(2/pi)"
sqrt,dpih,362,"sqrt(2)"
sqrt,dpih,364,"sqrt(2/pi)"
sqrt,dpih,366,"sqrt(2/pi)"
sqrt,dpih,370,"sqrt(2)"
sqrt,dpih,372,"sqrt(2/pi)"
sqrt,dpih,374,"sqrt(2/pi)"
sqrt,dpih,376,"sqrt(2/pi)"
sqrt,dpih,380,"sqrt(2)"
sqrt,dpih,382,"sqrt(2/pi)"
sqrt,dpih,384,"sqrt(2/pi)"
sqrt,dpih,386,"sqrt(2/pi)"
sqrt,dpih,388,"sqrt(2/pi)"
stop,dpih,313,"stop(""Level should be between 0 and 5"")"
stop,dpih,335,"stop(""scale estimate is zero for input data"")"
switch,dpih,330,"switch(scalest, ""stdev"" = sqrt(var(x)), ""iqr""= (quantile(x, 3/4)-quantile(x, 1/4))/1.349, ""minim"" = min((quantile(x, 3/4)-quantile(x, 1/4))/1.349, sqrt(var(x))))"
var,dpih,331,"var(x)"
var,dpih,333,"var(x)"
c,dpik,403,"c(""normal"", ""box"", ""epanech"", ""biweight"", ""triweight"")"
c,dpik,428,"min((quantile(x, 3/4)-quantile(x, 1/4))/1.349, sqrt(var(x)))"
c,dpik,446,"c(sa, sb)"
c,dpik,449,"c(sa, sb)"
c,dpik,451,"c(sa, sb)"
c,dpik,454,"c(sa, sb)"
c,dpik,456,"c(sa, sb)"
c,dpik,458,"c(sa, sb)"
c,dpik,461,"c(sa, sb)"
c,dpik,463,"c(sa, sb)"
c,dpik,465,"c(sa, sb)"
c,dpik,467,"c(sa, sb)"
c,dpik,470,"c(sa, sb)"
c,dpik,472,"c(sa, sb)"
c,dpik,474,"c(sa, sb)"
c,dpik,476,"c(sa, sb)"
c,dpik,478,"c(sa, sb)"
length,dpik,414,"length(x)"
match.arg,dpik,402,"match.arg(kernel, c(""normal"", ""box"", ""epanech"", ""biweight"", ""triweight""))"
match.arg,dpik,424,"match.arg(scalest, c(""minim"", ""stdev"", ""iqr""))"
mean,dpik,433,"mean(x)"
mean,dpik,434,"mean(x)"
min,dpik,428,"min((quantile(x, 3/4)-quantile(x, 1/4))/1.349, sqrt(var(x)))"
quantile,dpik,427,"quantile(x, 3/4)"
quantile,dpik,427,"quantile(x, 1/4)"
quantile,dpik,428,"quantile(x, 3/4)"
quantile,dpik,428,"quantile(x, 1/4)"
seq,dpik,420,"seq(a, b, length.out = M)"
seq,dpik,437,"seq(sa, sb, length.out = M)"
sqrt,dpik,426,"sqrt(var(x))"
sqrt,dpik,428,"sqrt(var(x))"
sqrt,dpik,443,"sqrt(pi)"
sqrt,dpik,445,"sqrt(2)"
sqrt,dpik,448,"sqrt(2)"
sqrt,dpik,450,"sqrt(2/pi)"
sqrt,dpik,453,"sqrt(2)"
sqrt,dpik,455,"sqrt(2/pi)"
sqrt,dpik,457,"sqrt(2/pi)"
sqrt,dpik,460,"sqrt(2)"
sqrt,dpik,462,"sqrt(2/pi)"
sqrt,dpik,464,"sqrt(2/pi)"
sqrt,dpik,466,"sqrt(2/pi)"
sqrt,dpik,469,"sqrt(2)"
sqrt,dpik,471,"sqrt(2/pi)"
sqrt,dpik,473,"sqrt(2/pi)"
sqrt,dpik,475,"sqrt(2/pi)"
sqrt,dpik,477,"sqrt(2/pi)"
stop,dpik,400,"stop(""Level should be between 0 and 5"")"
stop,dpik,430,"stop(""scale estimate is zero for input data"")"
switch,dpik,406,"switch(kernel, ""normal"" = 1/((4*pi)^(1/10)), ""box"" = (9/2)^(1/5), ""epanech"" = 15^(1/5), ""biweight"" = 35^(1/5), ""triweight"" = (9450/143)^(1/5))"
switch,dpik,425,"switch(scalest, ""stdev"" = sqrt(var(x)), ""iqr""= (quantile(x, 3/4)-quantile(x, 1/4))/1.349, ""minim"" = min((quantile(x, 3/4)-quantile(x, 1/4))/1.349, sqrt(var(x))))"
var,dpik,426,"var(x)"
var,dpik,428,"var(x)"
abs,dpill,531,"abs(th24Q)"
c,dpill,561,"(sigsqkn*(b-a)/(2*sqrt(pi)*th22kn*n))^(1/5)"
cbind,dpill,494,"cbind(x, y)"
floor,dpill,498,"floor(trim*length(x))"
floor,dpill,499,"floor(trim*length(x))"
floor,dpill,518,"floor(n/divisor)"
floor,dpill,538,"floor(proptrun*M)"
floor,dpill,539,"floor(proptrun*M)"
length,dpill,498,"length(x)"
length,dpill,499,"length(x)"
length,dpill,505,"length(x)"
max,dpill,518,"max(min(floor(n/divisor), blockmax), 1)"
min,dpill,518,"min(floor(n/divisor), blockmax)"
seq,dpill,512,"seq(a, b, length.out = M)"
sort.list,dpill,495,"sort.list(xy[, 1L])"
sqrt,dpill,532,"sqrt(pi)"
sqrt,dpill,533,"sqrt(pi)"
sqrt,dpill,544,"sqrt(2)"
sqrt,dpill,544,"sqrt(3)"
sqrt,dpill,545,"sqrt(2*pi)"
sqrt,dpill,561,"sqrt(pi)"
sum,dpill,540,"sum((mddest[llow:lupp]^2)*xcounts[llow:lupp])"
sum,dpill,556,"sum(y^2)"
sum,dpill,556,"sum(mest*ycounts)"
sum,dpill,556,"sum((mest^2)*xcounts)"
sum,dpill,557,"sum(Sdg*xcounts)"
sum,dpill,557,"sum(SSTdg*xcounts)"
as.double,linbin,572,"as.double(X)"
as.double,linbin,573,"as.double(a)"
as.double,linbin,573,"as.double(b)"
as.integer,linbin,572,"as.integer(n)"
as.integer,linbin,573,"as.integer(M)"
as.integer,linbin,574,"as.integer(trun)"
double,linbin,574,"double(M)"
length,linbin,567,"length(X)"
length,linbin,568,"length(gpoints)"
as.double,linbin2D,592,"as.double(X)"
as.double,linbin2D,593,"as.double(a1)"
as.double,linbin2D,593,"as.double(a2)"
as.double,linbin2D,593,"as.double(b1)"
as.double,linbin2D,593,"as.double(b2)"
as.integer,linbin2D,592,"as.integer(n)"
as.integer,linbin2D,594,"as.integer(M1)"
as.integer,linbin2D,594,"as.integer(M2)"
c,linbin2D,585,"c(X[, 1L], X[, 2L])"
double,linbin2D,594,"double(M1*M2)"
length,linbin2D,586,"length(gpoints1)"
length,linbin2D,587,"length(gpoints2)"
matrix,linbin2D,595,"matrix(out[[9L]], M1, M2)"
nrow,linbin2D,584,"nrow(X)"
any,locpoly,610,"any(bandwidth <= 0)"
as.double,locpoly,701,"as.double(xcounts)"
as.double,locpoly,701,"as.double(ycounts)"
as.double,locpoly,702,"as.double(delta)"
as.double,locpoly,702,"as.double(hdisc)"
as.double,locpoly,705,"as.double(fkap)"
as.double,locpoly,705,"as.double(ss)"
as.double,locpoly,706,"as.double(tt)"
as.double,locpoly,706,"as.double(Smat)"
as.double,locpoly,706,"as.double(Tvec)"
as.double,locpoly,707,"as.double(curvest)"
as.integer,locpoly,613,"as.integer(drv)"
as.integer,locpoly,615,"as.integer(degree)"
as.integer,locpoly,625,"as.integer(bwdisc)"
as.integer,locpoly,702,"as.integer(drv)"
as.integer,locpoly,703,"as.integer(Lvec)"
as.integer,locpoly,703,"as.integer(indic)"
as.integer,locpoly,703,"as.integer(midpts)"
as.integer,locpoly,704,"as.integer(M)"
as.integer,locpoly,704,"as.integer(Q)"
as.integer,locpoly,704,"as.integer(pp)"
as.integer,locpoly,705,"as.integer(ppp)"
as.integer,locpoly,707,"as.integer(ipvt)"
exp,locpoly,663,"exp(seq(log(hlow), log(hupp), length.out = Q))"
floor,locpoly,666,"floor(tau*hdisc/delta)"
floor,locpoly,679,"floor(tau*bandwidth/delta)"
gamma,locpoly,709,"gamma(drv+1)"
length,locpoly,636,"length(x)"
length,locpoly,651,"length(xcounts)"
length,locpoly,660,"length(bandwidth)"
length,locpoly,676,"length(bandwidth)"
list,locpoly,711,"list(x = gpoints, y = curvest)"
log,locpoly,663,"log(hlow)"
log,locpoly,663,"log(hupp)"
log,locpoly,671,"log(hdisc)"
log,locpoly,674,"log(bandwidth)"
log,locpoly,674,"log(sort(bandwidth)[1L])"
matrix,locpoly,693,"matrix(0, M, ppp)"
matrix,locpoly,694,"matrix(0, M, pp)"
matrix,locpoly,695,"matrix(0, pp, pp)"
max,locpoly,619,"max(x)"
max,locpoly,621,"max(x)"
min,locpoly,619,"min(x)"
min,locpoly,621,"min(x)"
min,locpoly,684,"min(Lvec)"
missing,locpoly,610,"missing(bandwidth)"
missing,locpoly,614,"missing(degree)"
missing,locpoly,617,"missing(range.x)"
missing,locpoly,618,"missing(y)"
rep,locpoly,640,"rep(1, M)"
rep,locpoly,673,"rep(1, M)"
rep,locpoly,675,"rep(1, M)"
rep,locpoly,677,"rep(1, M)"
rep,locpoly,679,"rep(floor(tau*bandwidth/delta), Q)"
rep,locpoly,680,"rep(bandwidth, Q)"
rep,locpoly,690,"rep(0, dimfkap)"
rep,locpoly,691,"rep(0, M)"
rep,locpoly,692,"rep(0, Q)"
rep,locpoly,696,"rep(0, pp)"
rep,locpoly,697,"rep(0, pp)"
round,locpoly,674,"round(((log(bandwidth) - log(sort(bandwidth)[1L]))/gap) + 1)"
seq,locpoly,637,"seq(a, b, length.out = M)"
seq,locpoly,644,"seq(a, b, length.out = M)"
seq,locpoly,652,"seq(a, b, length.out = M)"
seq,locpoly,663,"seq(log(hlow), log(hupp), length.out = Q)"
sort,locpoly,661,"sort(bandwidth)"
sort,locpoly,662,"sort(bandwidth)"
sort,locpoly,674,"sort(bandwidth)"
stop,locpoly,611,"stop(""'bandwidth' must be strictly positive"")"
stop,locpoly,682,"stop(""'bandwidth' must be a scalar or an array of length 'gridsize'"")"
stop,locpoly,685,"stop(""Binning grid too coarse for current (small) bandwidth: consider increasing 'gridsize'"")"
sum,locpoly,689,"sum(Lvec)"
as.double,rlbin,723,"as.double(X)"
as.double,rlbin,723,"as.double(Y)"
as.double,rlbin,724,"as.double(a)"
as.double,rlbin,724,"as.double(b)"
as.integer,rlbin,723,"as.integer(n)"
as.integer,rlbin,724,"as.integer(M)"
as.integer,rlbin,724,"as.integer(trun)"
double,rlbin,725,"double(M)"
length,rlbin,718,"length(X)"
length,rlbin,719,"length(gpoints)"
list,rlbin,726,"list(xcounts = out[[8L]],  ycounts = out[[9L]])"
as.double,sdiag,799,"as.double(xcounts)"
as.double,sdiag,799,"as.double(delta)"
as.double,sdiag,800,"as.double(hdisc)"
as.double,sdiag,803,"as.double(ss)"
as.double,sdiag,803,"as.double(Smat)"
as.double,sdiag,803,"as.double(work)"
as.double,sdiag,804,"as.double(det)"
as.double,sdiag,804,"as.double(Sdg)"
as.integer,sdiag,741,"as.integer(bwdisc)"
as.integer,sdiag,800,"as.integer(Lvec)"
as.integer,sdiag,800,"as.integer(indic)"
as.integer,sdiag,801,"as.integer(midpts)"
as.integer,sdiag,801,"as.integer(M)"
as.integer,sdiag,801,"as.integer(Q)"
as.integer,sdiag,802,"as.integer(pp)"
as.integer,sdiag,802,"as.integer(ppp)"
as.integer,sdiag,804,"as.integer(ipvt)"
c,sdiag,736,"c(min(x), max(x))"
exp,sdiag,768,"exp(seq(log(hlow), log(hupp), length.out = Q))"
floor,sdiag,771,"floor(tau*hdisc/delta)"
floor,sdiag,784,"floor(tau*bandwidth/delta)"
length,sdiag,755,"length(xcounts)"
length,sdiag,765,"length(bandwidth)"
length,sdiag,781,"length(bandwidth)"
list,sdiag,806,"list(x = gpoints,  y = out[[17L]])"
log,sdiag,768,"log(hlow)"
log,sdiag,768,"log(hupp)"
log,sdiag,776,"log(hdisc)"
log,sdiag,779,"log(bandwidth)"
log,sdiag,779,"log(sort(bandwidth)[1L])"
matrix,sdiag,792,"matrix(0, M, ppp)"
matrix,sdiag,793,"matrix(0, pp, pp)"
max,sdiag,736,"max(x)"
min,sdiag,736,"min(x)"
min,sdiag,789,"sum(Lvec)"
missing,sdiag,736,"missing(range.x)"
rep,sdiag,778,"rep(1, M)"
rep,sdiag,780,"rep(1, M)"
rep,sdiag,782,"rep(1, M)"
rep,sdiag,784,"rep(floor(tau*bandwidth/delta), Q)"
rep,sdiag,785,"rep(bandwidth, Q)"
rep,sdiag,790,"rep(0, dimfkap)"
rep,sdiag,791,"rep(0, Q)"
rep,sdiag,794,"rep(0, pp)"
rep,sdiag,795,"rep(0, 2L)"
rep,sdiag,796,"rep(0, pp)"
rep,sdiag,797,"rep(0, M)"
round,sdiag,779,"round(((log(bandwidth) - log(sort(bandwidth)[1L]))/gap) + 1)"
seq,sdiag,751,"seq(a, b, length.out = M)"
seq,sdiag,756,"seq(a, b, length.out = M)"
seq,sdiag,768,"seq(log(hlow), log(hupp), length.out = Q)"
sort,sdiag,766,"sort(bandwidth)"
sort,sdiag,767,"sort(bandwidth)"
sort,sdiag,779,"sort(bandwidth)"
stop,sdiag,787,"stop(""'bandwidth' must be a scalar or an array of length 'gridsize'"")"
sum,sdiag,789,"sum(Lvec)"
as.double,sstdiag,878,"as.double(xcounts)"
as.double,sstdiag,878,"as.double(delta)"
as.double,sstdiag,879,"as.double(hdisc)"
as.double,sstdiag,882,"as.double(ss)"
as.double,sstdiag,882,"as.double(uu)"
as.double,sstdiag,883,"as.double(Smat)"
as.double,sstdiag,883,"as.double(Umat)"
as.double,sstdiag,883,"as.double(work)"
as.double,sstdiag,884,"as.double(det)"
as.double,sstdiag,884,"as.double(SSTd)"
as.integer,sstdiag,820,"as.integer(bwdisc)"
as.integer,sstdiag,879,"as.integer(Lvec)"
as.integer,sstdiag,879,"as.integer(indic)"
as.integer,sstdiag,880,"as.integer(midpts)"
as.integer,sstdiag,880,"as.integer(M)"
as.integer,sstdiag,880,"as.integer(Q)"
as.integer,sstdiag,881,"as.integer(pp)"
as.integer,sstdiag,881,"as.integer(ppp)"
as.integer,sstdiag,884,"as.integer(ipvt)"
c,sstdiag,816,"c(min(x), max(x))"
exp,sstdiag,845,"exp(seq(log(hlow), log(hupp), length.out = Q))"
floor,sstdiag,848,"floor(tau*hdisc/delta)"
floor,sstdiag,861,"floor(tau*bandwidth/delta)"
length,sstdiag,833,"length(xcounts)"
length,sstdiag,842,"length(bandwidth)"
length,sstdiag,858,"length(bandwidth)"
list,sstdiag,886,"list(x = gpoints, y = SSTd)"
log,sstdiag,845,"log(hlow)"
log,sstdiag,845,"log(hupp)"
log,sstdiag,853,"log(hdisc)"
log,sstdiag,856,"log(bandwidth)"
log,sstdiag,856,"log(sort(bandwidth)[1L])"
matrix,sstdiag,869,"matrix(0, M, ppp)"
matrix,sstdiag,870,"matrix(0, M, ppp)"
matrix,sstdiag,871,"matrix(0, pp, pp)"
matrix,sstdiag,872,"matrix(0, pp, pp)"
max,sstdiag,816,"max(x)"
min,sstdiag,816,"min(x)"
missing,sstdiag,816,"missing(range.x)"
rep,sstdiag,855,"rep(1, M)"
rep,sstdiag,857,"rep(1, M)"
rep,sstdiag,859,"rep(1, M)"
rep,sstdiag,861,"rep(floor(tau*bandwidth/delta), Q)"
rep,sstdiag,862,"rep(bandwidth, Q)"
rep,sstdiag,867,"rep(0, dimfkap)"
rep,sstdiag,868,"rep(0, Q)"
rep,sstdiag,873,"rep(0, pp)"
rep,sstdiag,874,"rep(0, 2L)"
rep,sstdiag,875,"rep(0, pp)"
rep,sstdiag,876,"rep(0, M)"
round,sstdiag,856,"round(((log(bandwidth) - log(sort(bandwidth)[1L]))/gap) + 1)"
seq,sstdiag,829,"seq(a, b, length.out = M)"
seq,sstdiag,834,"seq(a, b, length.out = M)"
seq,sstdiag,845,"seq(log(hlow), log(hupp), length.out = Q)"
sort,sstdiag,843,"sort(bandwidth)"
sort,sstdiag,844,"sort(bandwidth)"
sort,sstdiag,856,"sort(bandwidth)"
stop,sstdiag,864,"stop(""'bandwidth' must be a scalar or an array of length 'gridsize'"")"
sum,sstdiag,866,"sum(Lvec)"
library.dynam.unload,.onUnload,893,"library.dynam.unload(""KernSmooth"",  libpath)"
packageStartupMessage,.onAttach,890,"packageStartupMessage(""KernSmooth 2.23 loaded\nCopyright M. P. Wand 1997-2009"")"
